en_term,cn_term,matched_term,match_type,cn_definition,domain,source,encoding,section_num,page
technical textiles,产业用纺织品,产业用纺织品,cn_in_lexicon,经专门设计的具有工程结构特点、特定功能和应用领域的纺织品。注：产业用纺织品通常区别于一般服用纺织品和家用纺织品，产业用纺织品主要应用于工业、农牧渔业、土木工程、建筑、交通运输、医疗卫生、文体休闲、环境保护、新能源、航空航天、国防军工等领域。4　分类原则及方法,产业用纺织品,GBT+30558-2025.pdf,utf8,3.1,7
ih,犮犪狉犱犲犱狊犾犻狏犲狉,,,">5P(,|Z}>#uv(5,kehiiK~,v",棉纺织产品,GBT+5705-2018.pdf,fullwidth,3.4,5
jh,犱狉犪狑狀狊犾犻狏犲狉,,,"T>5uvP(,$WN/Q(5",棉纺织产品,GBT+5705-2018.pdf,fullwidth,3.7,5
kl,狉狅狏犻狀犵,,,"QuvP(fRm]m,qQ|N(o`tS",棉纺织产品,GBT+5705-2018.pdf,fullwidth,3.8,5
ml,狊狆狌狀狔犪狉狀,,,"QQuvP(fRm]m,qR00N(o`RtS4 LN",棉纺织产品,GBT+5705-2018.pdf,fullwidth,3.9,5
ln,狑犪狊狋犲狔犪狉狀,,,"q/0PK|eL(H)d=L""#(hiJbd,[T>*5bd/P(QR",棉纺织产品,GBT+5705-2018.pdf,fullwidth,4.5,5
tul,狊狅犳狋狋狑犻狊狋狔犪狉狀,,,"8Q9:,mJ(Q",棉纺织产品,GBT+5705-2018.pdf,fullwidth,4.9,6
vul,犺犪狉犱狋狑犻狊狋狔犪狉狀,,,"8Q9:,mJi(Q",棉纺织产品,GBT+5705-2018.pdf,fullwidth,4.10,6
wmxl,犲狓狋狉犪,,,"QRm!10texjH(Q60sj),m(Q",棉纺织产品,GBT+5705-2018.pdf,fullwidth,4.11,6
mxl,犳犻狀犲狔犪狉狀,,,"QRmi10tex14.5tex(Q40sj60s),mJ(Q",棉纺织产品,GBT+5705-2018.pdf,fullwidth,4.12,6
yxl,犿犲犱犻狌犿犮狅狌狀狋狔犪狉狀,,,"eQRmi14.5tex30tex(Q20sj40s),m\Q8\Q(Q",棉纺织产品,GBT+5705-2018.pdf,fullwidth,4.13,6
kxl,犮狅犪狉狊犲狔犪狉狀,,,"QRmi30tex(Q20sH),mJ(Q",棉纺织产品,GBT+5705-2018.pdf,fullwidth,4.14,6
bcl,犮狅狉犲,,,"J,Q5hip(QR犌犅/犜57052018",棉纺织产品,GBT+5705-2018.pdf,fullwidth,4.18,6
bdl,狑狉犪狆狆犲犱狔犪狉狀,,,"QRdJ,QQRb(QR",棉纺织产品,GBT+5705-2018.pdf,fullwidth,4.19,7
eln,犳犪狀犮狔狔犪狉狀,,,"N|,QRQ9/P(f]A(QR",棉纺织产品,GBT+5705-2018.pdf,fullwidth,4.20,7
fgl,狊犾狌犫狔犪狉狀,,,!Qmx)*(Q,棉纺织产品,GBT+5705-2018.pdf,fullwidth,4.21,7
hil,犽狀狅狋狔犪狉狀,,,QbfKi\(Q,棉纺织产品,GBT+5705-2018.pdf,fullwidth,4.22,7
jkl,犵狉犲狔狔犪狉狀,,,",thibf(Q",棉纺织产品,GBT+5705-2018.pdf,fullwidth,4.23,7
opl,狊狆犪犮犲犱狔犲犱狔犪狉狀,,,!mx]EF(QR,棉纺织产品,GBT+5705-2018.pdf,fullwidth,4.27,7
qrl,狊犻狀犵犲犱狔犪狉狀,,,"QR,QhQR(Q",棉纺织产品,GBT+5705-2018.pdf,fullwidth,4.28,7
vwn,犮狅狋狋狅狀狊犲狑犻狀犵狋犺狉犲犪犱,,,5JbdP(NR犌犅/犜57052018,棉纺织产品,GBT+5705-2018.pdf,fullwidth,4.32,7
yb.l,狔犪狉狀犳狅狉狉犪犻狊犲犱犳犪犫狉犻犮,,,+/w0S/rr(Q,棉纺织产品,GBT+5705-2018.pdf,fullwidth,4.34,8
zl,犫狅犫犫犻狀狔犪狉狀,,,"QQ!gb,(tQR",棉纺织产品,GBT+5705-2018.pdf,fullwidth,4.35,8
jk,犵狉犲狔犳犪犫狉犻犮,,,"z!QR0,|(0S",棉纺织产品,GBT+5705-2018.pdf,fullwidth,5.11,9
lm,犫犾犲犪犮犺犲犱犳犪犫狉犻犮,,,"""#|,#|Y(0S",棉纺织产品,GBT+5705-2018.pdf,fullwidth,5.14,9
nk,犱狔犲犱犳犪犫狉犻犮,,,"""#|,Z[j#|Y(0S",棉纺织产品,GBT+5705-2018.pdf,fullwidth,5.15,9
cb,犮狅狉犱狌狉狅狔,,,"NJX60,a/#,xbt12/(0S",棉纺织产品,GBT+5705-2018.pdf,fullwidth,5.37,11
fg,狊犾狌犫犫犲犱犳犪犫狉犻犮,,,"NQ0(,x)*7(,fwl?0S.I(0S",棉纺织产品,GBT+5705-2018.pdf,fullwidth,5.46,12
bc,狉犲犮狔犮犾犲犱犳犻犫犲狉狊,,,"-p./701)gk01!""\7&'3:8f12($%3kg43v",化学纤维产品,GBT+4146.2-2017.pdf,fullwidth,2.8,3
def,犳狌狀犮狋犻狅狀犪犾犳犻犫犲狉狊,,,"5&'f1&'C677,89;:<&'sj7&'",化学纤维产品,GBT+4146.2-2017.pdf,fullwidth,2.9,3
gfe,犺犻犵犺狆犲狉犳狅狉犿犪狀犮犲犳犻犫犲狉狊,,,"6;7g4<tj=tj>;,8?@`Atj7&'犌犅/犜4146.22017",化学纤维产品,GBT+4146.2-2017.pdf,fullwidth,2.10,3
he,犻狀狋犲犾犾犻犵犲狀狋犳犻犫犲狉狊,,,jBCmDN$EFGH;IJ7&'3 IC,化学纤维产品,GBT+4146.2-2017.pdf,fullwidth,2.11,4
jk,犳犻犾犪犿犲狀狋,,,KLMNOM7^P^~TMNDE*QRS,化学纤维产品,GBT+4146.2-2017.pdf,fullwidth,3.1,4
mnjk,犻狀犱狌狊狋狉狔犳犻犾犪犿犲狀狋,,,p78Vu7g4<tj7$%&'M~,化学纤维产品,GBT+4146.2-2017.pdf,fullwidth,3.3,4
ok,犿狅狀狅犳犻犾犪犿犲狀狋,,,D^&'7KLM~,化学纤维产品,GBT+4146.2-2017.pdf,fullwidth,3.4,4
pf,犿狅犱犻犳犻犲犱犳犻犫犲狉狊,,,*$%g4W3w:<$%&'7?@tjXY7&',化学纤维产品,GBT+4146.2-2017.pdf,fullwidth,3.5,4
qrsk,狆狉犲,,,%uZ!~-([\7$&M~,化学纤维产品,GBT+4146.2-2017.pdf,fullwidth,3.6,4
grsk,犺犻犵犺狅狉犻犲狀狋犲犱狔犪狉狀,,,P9uZ!~XY7]^u[\$&M~,化学纤维产品,GBT+4146.2-2017.pdf,fullwidth,3.7,4
tuvk,犳狌犾犾犱狉犪狑狀狔犪狉狀,,,P!~_`Da3XY7z(]^[\$&M~,化学纤维产品,GBT+4146.2-2017.pdf,fullwidth,3.8,4
wx,犻狅狀犲狓犮犺犪狀犵犲犳犻犫犲狉狊,,,"8wsj7&',^_x7wh7c,()w&'y犌犅/犜4146.22017",化学纤维产品,GBT+4146.2-2017.pdf,fullwidth,4.26,8
uvwxk,犱狉犪狑狋犲狓狋狌狉犲犱狔犪狉狀,,,"$&M~7--(_`qUIN}25rDswxk7N}&',tFuv~*f12wrxu~Cu~kuu~",化学纤维产品,GBT+4146.2-2017.pdf,fullwidth,3.10,4
yzjk,犫狌犾犽犲犱犮狅狀狋犻狀狌狅狌狊犳犻犾犪犿犲狀狋,,,%&!~y`=z{N}|47noM~,化学纤维产品,GBT+4146.2-2017.pdf,fullwidth,3.11,4
bj,犿犻犱犳犻犫犲狉狊,,,"MN)51mm~76mm,N52.20dtex~3.33dtex,&'k&'7&'",化学纤维产品,GBT+4146.2-2017.pdf,fullwidth,3.16,5
cx,狆狉狅犳犻犾犲犱犳犻犫犲狉狊,,,%D}(})~~!78`A}7&',化学纤维产品,GBT+4146.2-2017.pdf,fullwidth,3.17,5
bd,犺狅犾犾狅狑犳犻犫犲狉狊犿犲犿犫狉犪狀犲,,,"&'87&tCz&',)R]R",化学纤维产品,GBT+4146.2-2017.pdf,fullwidth,3.19,5
fg,狊狌狆犲狉犳犻狀犲犳犻犫犲狉狊,,,~N0.33dtex7&',化学纤维产品,GBT+4146.2-2017.pdf,fullwidth,3.20,5
hi,狀犪狀狅犳犻犫犲狉狊,,,100nm7&',化学纤维产品,GBT+4146.2-2017.pdf,fullwidth,3.21,5
lk,犱狌犾犾犳犻犫犲狉狊,,,"!~&'C,%&$%g4W3wx|47&'3::p$),$\Y&'&'k&'(",化学纤维产品,GBT+4146.2-2017.pdf,fullwidth,3.23,5
no,狋犺狉犲犲,,,"5<7T+,1fW(de7&'",化学纤维产品,GBT+4146.2-2017.pdf,fullwidth,3.24,5
fl,狊犺狅狉狋犮狌狋犳犻犫犲狉狊,,,MN20mm7&',化学纤维产品,GBT+4146.2-2017.pdf,fullwidth,3.25,5
pqrs,狊狆狌狀,,,P+7!~Q(!7&'犌犅/犜4146.22017,化学纤维产品,GBT+4146.2-2017.pdf,fullwidth,3.26,5
vwxyz,犮犪狋犻狅狀犻犮,,,"8tj7)&'3:5)&'C,\+h7.q(q)gwx!~7&';nwDa\8o(]7(,)gnwx!~7&'",化学纤维产品,GBT+4146.2-2017.pdf,fullwidth,3.28,6
pk,犮犪狉犫狅狀犳犻犫犲狉狊狆狉犲犮狌狉狊狅狉,,,"jf1&'M7p&',tF&'!(犌犅/犜4146.22017",化学纤维产品,GBT+4146.2-2017.pdf,fullwidth,3.39,6
ws,犮犺犪犿犲犾犲狅狀犳犻犫犲狉狊,,,9TN$fN$7&'犌犅/犜4146.22017,化学纤维产品,GBT+4146.2-2017.pdf,fullwidth,7.1,9
ab,,,,"bcd;<567t""bcd;<(8""9,""-.4P4 =AB#$%&'1IJK/GPaBM90~<100BM100",玄武岩纤维,GBT+38111-2019.pdf,fullwidth,4.2.3,5
cdefg,,,,"bcd;<567t""bcd;<(8""9,123""-.5P5 CDEFG#$%&'1IJK/(N/tex)123/%BAS0.35~<0.45>65BAS0.45>65",玄武岩纤维,GBT+38111-2019.pdf,fullwidth,4.2.4,5
gcacl; gkcl; bcd,,,,"%& .24h,B '   = > ? ] :   # C 2 (   % & D E F G,(1053)H F2h,$NP123",玄武岩纤维,GBT+38111-2019.pdf,fullwidth,1.16,5
"bcd; rs; min,qt; uv",³,,,"WX,$GB/T7690.3()I4'(J(('((KL'(J(MN),ONP123犌犅/犜381112019",玄武岩纤维,GBT+38111-2019.pdf,fullwidth,4.3.4,5
